[
  {
    "value": "Dr.energizer(6)",
    "synonyms": [
      "Dr.energizer(6)"
    ]
  },
  {
    "value": "Energizer6",
    "synonyms": [
      "Energizer6"
    ]
  },
  {
    "value": "Dr.Energizer6",
    "synonyms": [
      "Dr.Energizer6"
    ]
  },
  {
    "value": "Dr.Energizer(6)",
    "synonyms": [
      "Dr.Energizer(6)"
    ]
  },
  {
    "value": "Doctor Energizer Six",
    "synonyms": [
      "Doctor Energizer Six"
    ]
  },
  {
    "value": "Dr Energizer six",
    "synonyms": [
      "Dr Energizer six"
    ]
  }
]