[
  {
    "value": "Play Radio",
    "synonyms": [
      "Play Radio",
      "Radio"
    ]
  },
  {
    "value": "Internet Radio",
    "synonyms": [
      "Internet Radio"
    ]
  },
  {
    "value": "Play FM Radio",
    "synonyms": [
      "Play FM Radio"
    ]
  },
  {
    "value": "Play Internet Radio",
    "synonyms": [
      "Play Internet Radio"
    ]
  },
  {
    "value": "Play Fm",
    "synonyms": [
      "Play Fm"
    ]
  },
  {
    "value": "Play AM Radio",
    "synonyms": [
      "Play AM Radio"
    ]
  },
  {
    "value": "Play Xm Radio",
    "synonyms": [
      "Play Xm Radio"
    ]
  },
  {
    "value": "Play xm",
    "synonyms": [
      "Play xm"
    ]
  }
]