[
  {
    "id": "a7e3fa01-6afe-4707-a659-4767f4676588",
    "data": [
      {
        "text": "Can you ",
        "userDefined": false
      },
      {
        "text": "sing",
        "meta": "@create",
        "alias": "create",
        "userDefined": false
      },
      {
        "text": " an song?",
        "userDefined": false
      }
    ],
    "isTemplate": false,
    "count": 0,
    "lang": "en",
    "updated": 0
  },
  {
    "id": "daab8bc5-0b3a-4a3a-99a2-c0acbb2ac68b",
    "data": [
      {
        "text": "Do",
        "meta": "@How_Are_You",
        "alias": "how_are_you",
        "userDefined": false
      },
      {
        "text": " you ",
        "userDefined": false
      },
      {
        "text": "make",
        "meta": "@create",
        "alias": "create",
        "userDefined": false
      },
      {
        "text": " ",
        "userDefined": false
      },
      {
        "text": "music",
        "meta": "@duckduckgo",
        "alias": "duckduckgo",
        "userDefined": false
      },
      {
        "text": "?",
        "userDefined": false
      }
    ],
    "isTemplate": false,
    "count": 0,
    "lang": "en",
    "updated": 0
  },
  {
    "id": "26e350e9-10e2-4850-bd5c-a0e18c39512f",
    "data": [
      {
        "text": "Do",
        "meta": "@How_Are_You",
        "alias": "how_are_you",
        "userDefined": false
      },
      {
        "text": " you ",
        "userDefined": false
      },
      {
        "text": "make",
        "meta": "@create",
        "alias": "create",
        "userDefined": false
      },
      {
        "text": " songs?",
        "userDefined": false
      }
    ],
    "isTemplate": false,
    "count": 0,
    "lang": "en",
    "updated": 0
  },
  {
    "id": "843cf939-2b10-4b8e-9df7-452101a2bcc1",
    "data": [
      {
        "text": "Do",
        "meta": "@How_Are_You",
        "alias": "how_are_you",
        "userDefined": false
      },
      {
        "text": " you like ",
        "userDefined": false
      },
      {
        "text": "making",
        "meta": "@create",
        "alias": "create",
        "userDefined": false
      },
      {
        "text": " songs?",
        "userDefined": false
      }
    ],
    "isTemplate": false,
    "count": 0,
    "lang": "en",
    "updated": 0
  }
]