[
  {
    "id": "a53e9187-5b6d-44c0-babd-b56781021de6",
    "data": [
      {
        "text": "how many ",
        "userDefined": false
      },
      {
        "text": "days",
        "meta": "@unit-time",
        "alias": "unit",
        "userDefined": true
      },
      {
        "text": " passed after ",
        "userDefined": false
      },
      {
        "text": "New Year",
        "meta": "@holiday",
        "alias": "holiday",
        "userDefined": true
      }
    ],
    "isTemplate": false,
    "count": 0,
    "lang": "en",
    "updated": 0
  },
  {
    "id": "9db7a906-dc3a-404e-a973-04fc23b9cd2b",
    "data": [
      {
        "text": "what\u0027s the number of ",
        "userDefined": false
      },
      {
        "text": "days",
        "meta": "@unit-time",
        "alias": "unit",
        "userDefined": true
      },
      {
        "text": " since ",
        "userDefined": false
      },
      {
        "text": "Thanksgiving",
        "meta": "@holiday",
        "alias": "holiday",
        "userDefined": true
      }
    ],
    "isTemplate": false,
    "count": 0,
    "lang": "en",
    "updated": 0
  },
  {
    "id": "329a326e-ea96-4ad9-af48-dc0ab23d0e82",
    "data": [
      {
        "text": "number of ",
        "userDefined": false
      },
      {
        "text": "days",
        "meta": "@unit-time",
        "alias": "unit",
        "userDefined": true
      },
      {
        "text": " since ",
        "userDefined": false
      },
      {
        "text": "Christmas",
        "meta": "@holiday",
        "alias": "holiday",
        "userDefined": true
      }
    ],
    "isTemplate": false,
    "count": 0,
    "lang": "en",
    "updated": 0
  },
  {
    "id": "dc403850-c3cc-49a5-a905-aea116cb9767",
    "data": [
      {
        "text": "tell me how many ",
        "userDefined": false
      },
      {
        "text": "months",
        "meta": "@unit-time",
        "alias": "unit",
        "userDefined": true
      },
      {
        "text": " after ",
        "userDefined": false
      },
      {
        "text": "St Patrick\u0027s Day",
        "meta": "@holiday",
        "alias": "holiday",
        "userDefined": true
      }
    ],
    "isTemplate": false,
    "count": 0,
    "lang": "en",
    "updated": 0
  },
  {
    "id": "49b8e89d-5f47-4531-955e-9b21a6fc37b1",
    "data": [
      {
        "text": "do you know how many ",
        "userDefined": false
      },
      {
        "text": "months",
        "meta": "@unit-time",
        "alias": "unit",
        "userDefined": true
      },
      {
        "text": " passed after ",
        "userDefined": false
      },
      {
        "text": "Easter",
        "meta": "@holiday",
        "alias": "holiday",
        "userDefined": true
      }
    ],
    "isTemplate": false,
    "count": 0,
    "lang": "en",
    "updated": 0
  }
]