[
  {
    "id": "e3a6cdaa-4202-41e6-8dc2-b8633a10fb05",
    "data": [
      {
        "text": "is ",
        "userDefined": false
      },
      {
        "text": "it",
        "userDefined": false
      },
      {
        "text": " ",
        "userDefined": false
      },
      {
        "text": "Christmas",
        "meta": "@holiday",
        "alias": "holiday",
        "userDefined": false
      },
      {
        "text": " ",
        "userDefined": false
      },
      {
        "text": "today",
        "meta": "@sys.date",
        "alias": "date",
        "userDefined": false
      }
    ],
    "isTemplate": false,
    "count": 0,
    "lang": "en",
    "updated": 0
  },
  {
    "id": "48743893-c012-49c7-b8d2-0a2853441a98",
    "data": [
      {
        "text": "could you tell me if ",
        "userDefined": false
      },
      {
        "text": "Christmas",
        "meta": "@holiday",
        "alias": "holiday",
        "userDefined": true
      },
      {
        "text": " is on ",
        "userDefined": false
      },
      {
        "text": "December 25",
        "meta": "@sys.date",
        "alias": "date",
        "userDefined": true
      }
    ],
    "isTemplate": false,
    "count": 0,
    "lang": "en",
    "updated": 0
  },
  {
    "id": "9db5a988-95bd-441b-bfd2-e302ce9d3ef0",
    "data": [
      {
        "text": "tell me if ",
        "userDefined": false
      },
      {
        "text": "December 24",
        "meta": "@sys.date",
        "alias": "date",
        "userDefined": true
      },
      {
        "text": " is ",
        "userDefined": false
      },
      {
        "text": "Christmas",
        "meta": "@holiday",
        "alias": "holiday",
        "userDefined": true
      }
    ],
    "isTemplate": false,
    "count": 0,
    "lang": "en",
    "updated": 0
  },
  {
    "id": "ae628094-9ad6-47f5-8b39-314116c892f3",
    "data": [
      {
        "text": "check if ",
        "userDefined": false
      },
      {
        "text": "Halloween",
        "meta": "@holiday",
        "alias": "holiday",
        "userDefined": true
      },
      {
        "text": " is on ",
        "userDefined": false
      },
      {
        "text": "November 30",
        "meta": "@sys.date",
        "alias": "date",
        "userDefined": true
      },
      {
        "text": " this year",
        "userDefined": false
      }
    ],
    "isTemplate": false,
    "count": 0,
    "lang": "en",
    "updated": 0
  },
  {
    "id": "6e0d5b9a-e46d-46a2-87aa-d2e11dfd3a55",
    "data": [
      {
        "text": "is ",
        "userDefined": false
      },
      {
        "text": "New Year",
        "meta": "@holiday",
        "alias": "holiday",
        "userDefined": false
      },
      {
        "text": " celebrated on the ",
        "userDefined": false
      },
      {
        "text": "1st of January",
        "meta": "@sys.date",
        "alias": "date",
        "userDefined": false
      }
    ],
    "isTemplate": false,
    "count": 0,
    "lang": "en",
    "updated": 0
  },
  {
    "id": "4893101a-ad08-40b6-8562-d4d2df71eef0",
    "data": [
      {
        "text": "is ",
        "userDefined": false
      },
      {
        "text": "Columbus Day",
        "meta": "@holiday",
        "alias": "holiday",
        "userDefined": true
      },
      {
        "text": " ",
        "userDefined": false
      },
      {
        "text": "tomorrow",
        "meta": "@sys.date",
        "alias": "date",
        "userDefined": true
      }
    ],
    "isTemplate": false,
    "count": 0,
    "lang": "en",
    "updated": 0
  },
  {
    "id": "1dcfff26-10a8-4fb4-b197-3d5c7a6166bd",
    "data": [
      {
        "text": "is ",
        "userDefined": false
      },
      {
        "text": "Thanksgiving",
        "meta": "@holiday",
        "alias": "holiday",
        "userDefined": false
      },
      {
        "text": " on ",
        "userDefined": false
      },
      {
        "text": "November 24",
        "meta": "@sys.date",
        "alias": "date",
        "userDefined": false
      }
    ],
    "isTemplate": false,
    "count": 0,
    "lang": "en",
    "updated": 0
  },
  {
    "id": "36b548ee-ba2c-4dda-bfed-bfd4ed73f960",
    "data": [
      {
        "text": "Mother\u0027s day",
        "meta": "@holiday",
        "alias": "holiday",
        "userDefined": true
      },
      {
        "text": " is on ",
        "userDefined": false
      },
      {
        "text": "March 10",
        "meta": "@sys.date",
        "alias": "date",
        "userDefined": true
      },
      {
        "text": " right",
        "userDefined": false
      }
    ],
    "isTemplate": false,
    "count": 0,
    "lang": "en",
    "updated": 0
  }
]