[
  {
    "id": "54fcafed-65a7-4fd0-bafd-ac3fcda549c0",
    "data": [
      {
        "text": "please tell how much could a woodchuck chuck if a woodchuck could chuck ",
        "userDefined": false
      },
      {
        "text": "wood",
        "userDefined": true
      }
    ],
    "isTemplate": false,
    "count": 0,
    "lang": "en",
    "updated": 0
  },
  {
    "id": "0ba7d7e5-5e8d-40b4-afef-8a92295bd2f6",
    "data": [
      {
        "text": "find out how much ",
        "userDefined": false
      },
      {
        "text": "wood",
        "userDefined": false
      },
      {
        "text": " would a woodchuck chuck",
        "userDefined": false
      }
    ],
    "isTemplate": false,
    "count": 1,
    "lang": "en",
    "updated": 0
  },
  {
    "id": "4634e249-fd1c-4f6b-adf8-423366ae3753",
    "data": [
      {
        "text": "how ",
        "userDefined": false
      },
      {
        "text": "many",
        "userDefined": false
      },
      {
        "text": " chucks would a woodchuck chuck if a woodchuck could chuck ",
        "userDefined": false
      },
      {
        "text": "wood",
        "userDefined": false
      }
    ],
    "isTemplate": false,
    "count": 0,
    "lang": "en",
    "updated": 0
  },
  {
    "id": "65025054-d7e5-4a40-b229-c986f87e3487",
    "data": [
      {
        "text": "how much ",
        "userDefined": false
      },
      {
        "text": "wood",
        "userDefined": true
      },
      {
        "text": " does woodchuck chuck",
        "userDefined": false
      }
    ],
    "isTemplate": false,
    "count": 0,
    "lang": "en",
    "updated": 0
  },
  {
    "id": "67f5c4d2-42b3-4a82-8cb8-1bc622eee931",
    "data": [
      {
        "text": "how much chuck could a woodchuck chuck if a woodchuck could chuck ",
        "userDefined": false
      },
      {
        "text": "wood",
        "userDefined": true
      }
    ],
    "isTemplate": false,
    "count": 0,
    "lang": "en",
    "updated": 0
  },
  {
    "id": "d20982c2-51a6-48bd-9557-1cbad36892ed",
    "data": [
      {
        "text": "can you say how ",
        "userDefined": false
      },
      {
        "text": "many",
        "userDefined": true
      },
      {
        "text": " ",
        "userDefined": false
      },
      {
        "text": "wood",
        "userDefined": true
      },
      {
        "text": " could a woodchuck chuck",
        "userDefined": false
      }
    ],
    "isTemplate": false,
    "count": 0,
    "lang": "en",
    "updated": 0
  },
  {
    "id": "8b5d18b8-ec6a-43e5-839f-5f75f59fd24e",
    "data": [
      {
        "text": "do you know how much ",
        "userDefined": false
      },
      {
        "text": "wood",
        "userDefined": false
      },
      {
        "text": " would a woodchuck chuck",
        "userDefined": false
      }
    ],
    "isTemplate": false,
    "count": 0,
    "lang": "en",
    "updated": 0
  },
  {
    "id": "57c2119c-82d5-4bdf-ba35-c0d74b701dfa",
    "data": [
      {
        "text": "how ",
        "userDefined": false
      },
      {
        "text": "many",
        "userDefined": false
      },
      {
        "text": " chucks would a woodchuck chuck",
        "userDefined": false
      }
    ],
    "isTemplate": false,
    "count": 0,
    "lang": "en",
    "updated": 0
  },
  {
    "id": "32eff49f-59b5-4c6a-8a65-a55847d9b25f",
    "data": [
      {
        "text": "tell me how ",
        "userDefined": false
      },
      {
        "text": "many",
        "userDefined": false
      },
      {
        "text": " times would a woodchuck chuck ",
        "userDefined": false
      },
      {
        "text": "wood",
        "userDefined": false
      },
      {
        "text": " if a woodchuck would chuck ",
        "userDefined": false
      },
      {
        "text": "wood",
        "userDefined": false
      }
    ],
    "isTemplate": false,
    "count": 0,
    "lang": "en",
    "updated": 0
  }
]