[
  {
    "id": "90bb1c28-c9b5-4e59-9394-c13502b46ab4",
    "data": [
      {
        "text": "Any tutorials on ",
        "userDefined": false
      },
      {
        "text": "make up",
        "meta": "@Search_MakeUp",
        "alias": "search_makeup",
        "userDefined": false
      },
      {
        "text": ".",
        "userDefined": false
      }
    ],
    "isTemplate": false,
    "count": 0,
    "lang": "en",
    "updated": 0
  },
  {
    "id": "3bebca43-ad7f-4dbd-8e20-409e3eb64dac",
    "data": [
      {
        "text": "Look up ",
        "userDefined": false
      },
      {
        "text": "make up",
        "meta": "@Search_MakeUp",
        "alias": "search_makeup",
        "userDefined": false
      },
      {
        "text": " tutorials.",
        "userDefined": false
      }
    ],
    "isTemplate": false,
    "count": 0,
    "lang": "en",
    "updated": 0
  },
  {
    "id": "31ca2e1e-a42f-4340-96fb-ace2551e4a5f",
    "data": [
      {
        "text": "Any make up videos",
        "meta": "@Search_MakeUp",
        "alias": "search_makeup",
        "userDefined": false
      },
      {
        "text": " on ",
        "userDefined": false
      },
      {
        "text": "YouTube",
        "meta": "@duckduckgo",
        "alias": "duckduckgo",
        "userDefined": false
      },
      {
        "text": ".",
        "userDefined": false
      }
    ],
    "isTemplate": false,
    "count": 0,
    "lang": "en",
    "updated": 0
  },
  {
    "id": "d47d3d8c-5d45-4ca4-9f10-a9e2f6cd89cc",
    "data": [
      {
        "text": "Search for ",
        "userDefined": false
      },
      {
        "text": "make up videos",
        "meta": "@Search_MakeUp",
        "alias": "search_makeup",
        "userDefined": false
      },
      {
        "text": ".",
        "userDefined": false
      }
    ],
    "isTemplate": false,
    "count": 0,
    "lang": "en",
    "updated": 0
  },
  {
    "id": "67c85f39-7b0f-46c8-b4b0-57d4c8de5abe",
    "data": [
      {
        "text": "Hey ",
        "userDefined": false
      },
      {
        "text": "Bianca",
        "meta": "@duckduckgo",
        "alias": "duckduckgo",
        "userDefined": false
      },
      {
        "text": " is there ",
        "userDefined": false
      },
      {
        "text": "make up",
        "meta": "@Search_MakeUp",
        "alias": "search_makeup",
        "userDefined": false
      },
      {
        "text": " tutorial.",
        "userDefined": false
      }
    ],
    "isTemplate": false,
    "count": 0,
    "lang": "en",
    "updated": 0
  }
]