[
  {
    "id": "74924435-8329-4712-bde9-67516eaddeff",
    "data": [
      {
        "text": "Customer Service",
        "meta": "@customer",
        "alias": "customer",
        "userDefined": false
      }
    ],
    "isTemplate": false,
    "count": 0,
    "lang": "en",
    "updated": 0
  },
  {
    "id": "540b2259-8386-4418-96ae-f3282e0feb14",
    "data": [
      {
        "text": "I need to talk to ",
        "userDefined": false
      },
      {
        "text": "customer service",
        "meta": "@customer",
        "alias": "customer",
        "userDefined": false
      }
    ],
    "isTemplate": false,
    "count": 0,
    "lang": "en",
    "updated": 0
  },
  {
    "id": "43e837f7-1f1b-44e8-8545-849935c7440b",
    "data": [
      {
        "text": "Talk to corporate",
        "meta": "@customer",
        "alias": "customer",
        "userDefined": false
      }
    ],
    "isTemplate": false,
    "count": 0,
    "lang": "en",
    "updated": 0
  },
  {
    "id": "ec56ba43-6c6e-4921-b6d3-027068875cb8",
    "data": [
      {
        "text": "Please talk to ceo",
        "userDefined": false
      }
    ],
    "isTemplate": false,
    "count": 0,
    "lang": "en",
    "updated": 0
  },
  {
    "id": "6394f20b-5ed3-4382-9d10-a45343e34dc7",
    "data": [
      {
        "text": "Please talk to the manager",
        "meta": "@customer",
        "alias": "customer",
        "userDefined": false
      },
      {
        "text": "?",
        "userDefined": false
      }
    ],
    "isTemplate": false,
    "count": 0,
    "lang": "en",
    "updated": 0
  },
  {
    "id": "1fc1da60-b069-48a4-970f-1ad06801c1a0",
    "data": [
      {
        "text": "Talk to ",
        "userDefined": false
      },
      {
        "text": "customer service",
        "meta": "@customer",
        "alias": "customer",
        "userDefined": false
      },
      {
        "text": ".",
        "userDefined": false
      }
    ],
    "isTemplate": false,
    "count": 0,
    "lang": "en",
    "updated": 0
  }
]