[
  {
    "id": "02c68e70-a013-4ecd-962f-cbfd91367666",
    "data": [
      {
        "text": "Can you search for ",
        "userDefined": false
      },
      {
        "text": "Mattolina",
        "meta": "@Search_Mattolina",
        "alias": "search_mattolina",
        "userDefined": false
      },
      {
        "text": " site.",
        "userDefined": false
      }
    ],
    "isTemplate": false,
    "count": 0,
    "lang": "en",
    "updated": 0
  },
  {
    "id": "31fe0030-a49c-45e0-b971-c0695e7426f8",
    "data": [
      {
        "text": "Look for ",
        "userDefined": false
      },
      {
        "text": "Mattolina Development Center",
        "meta": "@Search_Mattolina",
        "alias": "search_mattolina",
        "userDefined": false
      },
      {
        "text": " website.",
        "userDefined": false
      }
    ],
    "isTemplate": false,
    "count": 0,
    "lang": "en",
    "updated": 0
  },
  {
    "id": "85725428-66e9-4657-b3a4-47bf3cb7f231",
    "data": [
      {
        "text": "Search for ",
        "userDefined": false
      },
      {
        "text": "Mattolina",
        "meta": "@Search_Mattolina",
        "alias": "search_mattolina",
        "userDefined": false
      },
      {
        "text": " website.",
        "userDefined": false
      }
    ],
    "isTemplate": false,
    "count": 0,
    "lang": "en",
    "updated": 0
  },
  {
    "id": "fcc570d7-5e75-40e7-9009-c21c838c3a29",
    "data": [
      {
        "text": "Hey ",
        "userDefined": false
      },
      {
        "text": "Bianca",
        "meta": "@duckduckgo",
        "alias": "duckduckgo",
        "userDefined": false
      },
      {
        "text": " search for ",
        "userDefined": false
      },
      {
        "text": "Mattolina Corporate website",
        "meta": "@Search_Mattolina",
        "alias": "search_mattolina",
        "userDefined": false
      },
      {
        "text": ".",
        "userDefined": false
      }
    ],
    "isTemplate": false,
    "count": 0,
    "lang": "en",
    "updated": 0
  },
  {
    "id": "8dc830ab-47a8-4be5-a51e-84cd22c14fdd",
    "data": [
      {
        "text": "Search for ",
        "userDefined": false
      },
      {
        "text": "Mattolina Corporate website",
        "meta": "@Search_Mattolina",
        "alias": "search_mattolina",
        "userDefined": false
      },
      {
        "text": ".",
        "userDefined": false
      }
    ],
    "isTemplate": false,
    "count": 0,
    "lang": "en",
    "updated": 0
  },
  {
    "id": "506d7a8a-86f9-428a-b62d-12af6e181364",
    "data": [
      {
        "text": "Hey ",
        "userDefined": false
      },
      {
        "text": "Bianca",
        "meta": "@duckduckgo",
        "alias": "duckduckgo",
        "userDefined": false
      },
      {
        "text": " search for ",
        "userDefined": false
      },
      {
        "text": "Mattolina Development Center",
        "meta": "@Search_Mattolina",
        "alias": "search_mattolina",
        "userDefined": false
      },
      {
        "text": " website.",
        "userDefined": false
      }
    ],
    "isTemplate": false,
    "count": 0,
    "lang": "en",
    "updated": 0
  }
]