[
  {
    "id": "7055c585-a91f-4fd0-a9fa-20affbac93b9",
    "data": [
      {
        "text": "Play ",
        "userDefined": false
      },
      {
        "text": "Dr.Energizer(6)",
        "meta": "@Doctor8",
        "alias": "doctor8",
        "userDefined": false
      },
      {
        "text": " play list",
        "userDefined": false
      }
    ],
    "isTemplate": false,
    "count": 0,
    "lang": "en",
    "updated": 0
  },
  {
    "id": "d6377842-56f0-41b5-8271-a9e8546b4739",
    "data": [
      {
        "text": "Hey ",
        "userDefined": false
      },
      {
        "text": "Bianca",
        "meta": "@duckduckgo",
        "alias": "duckduckgo",
        "userDefined": false
      },
      {
        "text": " play ",
        "userDefined": false
      },
      {
        "text": "dr.Energizer6",
        "meta": "@Doctor8",
        "alias": "doctor8",
        "userDefined": false
      }
    ],
    "isTemplate": false,
    "count": 0,
    "lang": "en",
    "updated": 0
  },
  {
    "id": "5c023ccc-dbf7-4a3f-9b04-56f777ffbc53",
    "data": [
      {
        "text": "Hey ",
        "userDefined": false
      },
      {
        "text": "Bianca",
        "meta": "@duckduckgo",
        "alias": "duckduckgo",
        "userDefined": false
      },
      {
        "text": " play ",
        "userDefined": false
      },
      {
        "text": "Dr.Energizer(6)",
        "meta": "@Doctor8",
        "alias": "doctor8",
        "userDefined": false
      }
    ],
    "isTemplate": false,
    "count": 0,
    "lang": "en",
    "updated": 0
  },
  {
    "id": "cb4cbaf6-5a47-46a0-a96d-0f39281ff186",
    "data": [
      {
        "text": "can you play ",
        "userDefined": false
      },
      {
        "text": "doctor energizer 6",
        "meta": "@Doctor8",
        "alias": "doctor8",
        "userDefined": false
      }
    ],
    "isTemplate": false,
    "count": 0,
    "lang": "en",
    "updated": 0
  },
  {
    "id": "dd965fd7-cf84-4f8a-be2f-c8fe0ba504de",
    "data": [
      {
        "text": "Play some ",
        "userDefined": false
      },
      {
        "text": "dr.energizer6",
        "meta": "@Doctor8",
        "alias": "doctor8",
        "userDefined": false
      }
    ],
    "isTemplate": false,
    "count": 0,
    "lang": "en",
    "updated": 0
  }
]