[
  {
    "id": "1a4cc4e9-42ad-47fb-a7dd-792ee2340d9b",
    "data": [
      {
        "text": "Hey ",
        "userDefined": false
      },
      {
        "text": "Bianca",
        "meta": "@duckduckgo",
        "alias": "duckduckgo",
        "userDefined": false
      },
      {
        "text": " search for images for ",
        "userDefined": false
      },
      {
        "text": "Rosalina \u0026 Luma",
        "meta": "@Rosalina_search",
        "alias": "rosalina_search",
        "userDefined": false
      },
      {
        "text": ".",
        "userDefined": false
      }
    ],
    "isTemplate": false,
    "count": 0,
    "lang": "en",
    "updated": 0
  },
  {
    "id": "b85fb96c-aafd-4054-98d7-430a1c240f5d",
    "data": [
      {
        "text": "Search for images of ",
        "userDefined": false
      },
      {
        "text": "Rosalina and Luma",
        "meta": "@Rosalina_search",
        "alias": "rosalina_search",
        "userDefined": false
      },
      {
        "text": ".",
        "userDefined": false
      }
    ],
    "isTemplate": false,
    "count": 0,
    "lang": "en",
    "updated": 0
  },
  {
    "id": "ecf6ac3c-6762-4fd2-a65b-373536213461",
    "data": [
      {
        "text": "Who is ",
        "userDefined": false
      },
      {
        "text": "Rosalina",
        "meta": "@Rosalina_search",
        "alias": "rosalina_search",
        "userDefined": false
      },
      {
        "text": ".",
        "userDefined": false
      }
    ],
    "isTemplate": false,
    "count": 0,
    "lang": "en",
    "updated": 0
  },
  {
    "id": "581d10cf-aad4-482d-bc94-c50363ca956f",
    "data": [
      {
        "text": "Look for images of ",
        "userDefined": false
      },
      {
        "text": "Sexy Rosalina",
        "meta": "@Rosalina_search",
        "alias": "rosalina_search",
        "userDefined": false
      },
      {
        "text": ".",
        "userDefined": false
      }
    ],
    "isTemplate": false,
    "count": 0,
    "lang": "en",
    "updated": 0
  },
  {
    "id": "70855381-c27d-4c03-8319-3ac19bc127ae",
    "data": [
      {
        "text": "Hey ",
        "userDefined": false
      },
      {
        "text": "Bianca",
        "meta": "@duckduckgo",
        "alias": "duckduckgo",
        "userDefined": false
      },
      {
        "text": " search for images of ",
        "userDefined": false
      },
      {
        "text": "Princess Rosalina",
        "meta": "@Rosalina_search",
        "alias": "rosalina_search",
        "userDefined": false
      },
      {
        "text": ".",
        "userDefined": false
      }
    ],
    "isTemplate": false,
    "count": 0,
    "lang": "en",
    "updated": 0
  }
]