[
  {
    "id": "18d42cb5-3bb7-4fde-b131-b9e656abd6d1",
    "data": [
      {
        "text": "Are you a ",
        "userDefined": false
      },
      {
        "text": "robot",
        "meta": "@Mattolina_Chat",
        "alias": "mattolina_chat",
        "userDefined": false
      },
      {
        "text": "?",
        "userDefined": false
      }
    ],
    "isTemplate": false,
    "count": 0,
    "lang": "en-us",
    "updated": 0
  },
  {
    "id": "74dd214a-4406-4c99-a905-0ad90d78321e",
    "data": [
      {
        "text": "Talk to human",
        "meta": "@Mattolina_Chat",
        "alias": "mattolina_chat",
        "userDefined": false
      },
      {
        "text": "?",
        "userDefined": false
      }
    ],
    "isTemplate": false,
    "count": 0,
    "lang": "en-us",
    "updated": 0
  },
  {
    "id": "9ec02e3f-9219-4687-94e0-98f7861c36e9",
    "data": [
      {
        "text": "Help",
        "meta": "@Mattolina_Chat",
        "alias": "mattolina_chat",
        "userDefined": false
      },
      {
        "text": "?",
        "userDefined": false
      }
    ],
    "isTemplate": false,
    "count": 0,
    "lang": "en-us",
    "updated": 0
  },
  {
    "id": "746e7e64-54ed-4497-894f-b03d269d6164",
    "data": [
      {
        "text": "I need ",
        "userDefined": false
      },
      {
        "text": "tech support",
        "meta": "@Mattolina_Chat",
        "alias": "mattolina_chat",
        "userDefined": false
      },
      {
        "text": "?",
        "userDefined": false
      }
    ],
    "isTemplate": false,
    "count": 0,
    "lang": "en-us",
    "updated": 0
  },
  {
    "id": "3f1f614d-ba03-4137-b0d0-0505f0a887eb",
    "data": [
      {
        "text": "Games selling now",
        "meta": "@Mattolina_Chat",
        "alias": "mattolina_chat",
        "userDefined": false
      },
      {
        "text": "?",
        "userDefined": false
      }
    ],
    "isTemplate": false,
    "count": 0,
    "lang": "en-us",
    "updated": 0
  },
  {
    "id": "9c749f78-2415-4b1c-80fd-011b557ef911",
    "data": [
      {
        "text": "I need ",
        "userDefined": false
      },
      {
        "text": "services help",
        "meta": "@Mattolina_Chat",
        "alias": "mattolina_chat",
        "userDefined": false
      },
      {
        "text": "?",
        "userDefined": false
      }
    ],
    "isTemplate": false,
    "count": 0,
    "lang": "en-us",
    "updated": 0
  }
]