[
  {
    "id": "4a8c0158-1e13-4906-bf4d-59af74aa28a1",
    "data": [
      {
        "text": "Bianca",
        "meta": "@duckduckgo",
        "alias": "duckduckgo",
        "userDefined": false
      },
      {
        "text": " is that your ",
        "userDefined": false
      },
      {
        "text": "name",
        "meta": "@Mattolina_Chat",
        "alias": "mattolina_chat",
        "userDefined": false
      },
      {
        "text": " right",
        "userDefined": false
      }
    ],
    "isTemplate": false,
    "count": 0,
    "lang": "en",
    "updated": 0
  },
  {
    "id": "98e4350d-4f81-410f-b03a-ace9cbc550d2",
    "data": [
      {
        "text": "Hey ",
        "userDefined": false
      },
      {
        "text": "Bianca",
        "meta": "@duckduckgo",
        "alias": "duckduckgo",
        "userDefined": false
      },
      {
        "text": " is that your ",
        "userDefined": false
      },
      {
        "text": "name",
        "meta": "@Mattolina_Chat",
        "alias": "mattolina_chat",
        "userDefined": false
      }
    ],
    "isTemplate": false,
    "count": 0,
    "lang": "en",
    "updated": 0
  },
  {
    "id": "cb406d08-6703-400d-a652-13bc5e20d299",
    "data": [
      {
        "text": "Name",
        "meta": "@Mattolina_Chat",
        "alias": "mattolina_chat",
        "userDefined": false
      },
      {
        "text": " please",
        "userDefined": false
      }
    ],
    "isTemplate": false,
    "count": 0,
    "lang": "en",
    "updated": 0
  },
  {
    "id": "7ed246a9-2e00-4106-934d-5559e5ce2c6f",
    "data": [
      {
        "text": "Give me your ",
        "userDefined": false
      },
      {
        "text": "name",
        "meta": "@Mattolina_Chat",
        "alias": "mattolina_chat",
        "userDefined": false
      }
    ],
    "isTemplate": false,
    "count": 0,
    "lang": "en",
    "updated": 0
  },
  {
    "id": "16d61dbb-5194-4779-be51-034753d11a7c",
    "data": [
      {
        "text": "Who are you and your ",
        "userDefined": false
      },
      {
        "text": "name",
        "meta": "@Mattolina_Chat",
        "alias": "mattolina_chat",
        "userDefined": false
      },
      {
        "text": " please",
        "userDefined": false
      }
    ],
    "isTemplate": false,
    "count": 0,
    "lang": "en",
    "updated": 0
  },
  {
    "id": "760f0cb4-cc82-49c3-bb88-14df5b1d7dd2",
    "data": [
      {
        "text": "What should I call you ",
        "userDefined": false
      },
      {
        "text": "by",
        "meta": "@location",
        "alias": "location",
        "userDefined": false
      }
    ],
    "isTemplate": false,
    "count": 0,
    "lang": "en",
    "updated": 0
  },
  {
    "id": "e71bfd09-26d6-4c0c-b246-7761fdeec8df",
    "data": [
      {
        "text": "What\u0027s your ",
        "userDefined": false
      },
      {
        "text": "name",
        "meta": "@Mattolina_Chat",
        "alias": "mattolina_chat",
        "userDefined": false
      }
    ],
    "isTemplate": false,
    "count": 0,
    "lang": "en",
    "updated": 0
  }
]