[
  {
    "value": "Yellow Rice \u0026 Beans",
    "synonyms": [
      "Yellow Rice \u0026 Beans"
    ]
  },
  {
    "value": "Pork Chop \u0026 Yellow Rice",
    "synonyms": [
      "Pork Chop \u0026 Yellow Rice"
    ]
  },
  {
    "value": "Puerto Rican Rice",
    "synonyms": [
      "Puerto Rican Rice"
    ]
  },
  {
    "value": "Puerto Rican Pork Chop",
    "synonyms": [
      "Puerto Rican Pork Chop"
    ]
  },
  {
    "value": "Puerto Rican Type Food",
    "synonyms": [
      "Puerto Rican Type Food",
      "Yello Rice and Beans"
    ]
  }
]