[
  {
    "id": "b55e5260-6c4c-4813-be41-8cd4a9be0bc3",
    "data": [
      {
        "text": "check if ",
        "userDefined": false
      },
      {
        "text": "it",
        "userDefined": true
      },
      {
        "text": "\u0027s ",
        "userDefined": false
      },
      {
        "text": "April",
        "meta": "@sys.date-period",
        "alias": "date-period",
        "userDefined": true
      }
    ],
    "isTemplate": false,
    "count": 0,
    "lang": "en",
    "updated": 0
  },
  {
    "id": "46f5c126-f60e-43bb-9058-8715a2332684",
    "data": [
      {
        "text": "do you know if it\u0027s ",
        "userDefined": false
      },
      {
        "text": "March",
        "meta": "@sys.date-period",
        "alias": "date-period",
        "userDefined": true
      },
      {
        "text": " now",
        "userDefined": false
      }
    ],
    "isTemplate": false,
    "count": 0,
    "lang": "en",
    "updated": 0
  },
  {
    "id": "e7b0d46d-3fdd-48df-99d5-4b3d84be6f52",
    "data": [
      {
        "text": "is ",
        "userDefined": false
      },
      {
        "text": "it",
        "userDefined": true
      },
      {
        "text": " ",
        "userDefined": false
      },
      {
        "text": "May",
        "meta": "@sys.date-period",
        "alias": "date-period",
        "userDefined": true
      }
    ],
    "isTemplate": false,
    "count": 0,
    "lang": "en",
    "updated": 0
  },
  {
    "id": "570f4ebd-9c82-44d7-890a-0852ee743e11",
    "data": [
      {
        "text": "February",
        "meta": "@sys.date-period",
        "alias": "date-period",
        "userDefined": true
      },
      {
        "text": " is coming isn\u0027t it",
        "userDefined": false
      }
    ],
    "isTemplate": false,
    "count": 0,
    "lang": "en",
    "updated": 0
  },
  {
    "id": "1dedfc99-a7e9-4a32-9297-e3b48254bf9d",
    "data": [
      {
        "text": "could you tell if it\u0027s ",
        "userDefined": false
      },
      {
        "text": "May",
        "meta": "@sys.date-period",
        "alias": "date-period",
        "userDefined": true
      },
      {
        "text": " now",
        "userDefined": false
      }
    ],
    "isTemplate": false,
    "count": 0,
    "lang": "en",
    "updated": 0
  },
  {
    "id": "9022d7e5-3d0a-47b6-8982-a1a8009f6274",
    "data": [
      {
        "text": "is ",
        "userDefined": false
      },
      {
        "text": "it",
        "userDefined": true
      },
      {
        "text": " ",
        "userDefined": false
      },
      {
        "text": "August",
        "meta": "@sys.date-period",
        "alias": "date-period",
        "userDefined": true
      },
      {
        "text": " already",
        "userDefined": false
      }
    ],
    "isTemplate": false,
    "count": 0,
    "lang": "en",
    "updated": 0
  },
  {
    "id": "b788588f-9f20-47e6-a0d9-99a305d25c51",
    "data": [
      {
        "text": "tell me if it\u0027s ",
        "userDefined": false
      },
      {
        "text": "July",
        "meta": "@sys.date-period",
        "alias": "date-period",
        "userDefined": true
      }
    ],
    "isTemplate": false,
    "count": 0,
    "lang": "en",
    "updated": 0
  },
  {
    "id": "6c4b8269-e239-48ab-9b0b-3373230a86e7",
    "data": [
      {
        "text": "is ",
        "userDefined": false
      },
      {
        "text": "it",
        "userDefined": true
      },
      {
        "text": " still ",
        "userDefined": false
      },
      {
        "text": "June",
        "meta": "@sys.date-period",
        "alias": "date-period",
        "userDefined": true
      }
    ],
    "isTemplate": false,
    "count": 0,
    "lang": "en",
    "updated": 0
  },
  {
    "id": "c191b5a5-9286-4370-aa8a-0f0a6440765c",
    "data": [
      {
        "text": "today is ",
        "userDefined": false
      },
      {
        "text": "February",
        "meta": "@sys.date-period",
        "alias": "date-period",
        "userDefined": true
      }
    ],
    "isTemplate": false,
    "count": 0,
    "lang": "en",
    "updated": 0
  },
  {
    "id": "29d11cca-16f6-40ed-ab31-4539c495b2ff",
    "data": [
      {
        "text": "it\u0027s ",
        "userDefined": false
      },
      {
        "text": "December",
        "meta": "@sys.date-period",
        "alias": "date-period",
        "userDefined": true
      },
      {
        "text": " right",
        "userDefined": false
      }
    ],
    "isTemplate": false,
    "count": 0,
    "lang": "en",
    "updated": 0
  }
]