[
  {
    "id": "90cb97d6-4554-4164-80e1-b80c1d1a226c",
    "data": [
      {
        "text": "Gibt es Nachteile von Erdbestattungen?",
        "userDefined": false
      }
    ],
    "isTemplate": false,
    "count": 0,
    "lang": "de",
    "updated": 0
  },
  {
    "id": "63a16ec5-6df5-4018-a0c0-95dc7a021d7f",
    "data": [
      {
        "text": "Welche negativen Aspekte sind bei Erdbestattungen zu beachten?",
        "userDefined": false
      }
    ],
    "isTemplate": false,
    "count": 0,
    "lang": "de",
    "updated": 0
  },
  {
    "id": "7e603240-4c3a-4c1f-9904-0a7b9b823aaa",
    "data": [
      {
        "text": "Gründe gegen Erdbestattungen",
        "userDefined": false
      }
    ],
    "isTemplate": false,
    "count": 0,
    "lang": "de",
    "updated": 0
  },
  {
    "id": "1387b2fe-a297-4c40-845c-734cc54fbfab",
    "data": [
      {
        "text": "Warum sind Erdbestattungen schlecht?",
        "userDefined": false
      }
    ],
    "isTemplate": false,
    "count": 0,
    "lang": "de",
    "updated": 0
  },
  {
    "id": "aa8f942f-82e6-4f80-a8ac-22f345670461",
    "data": [
      {
        "text": "Was sind Nachteile von Erdbestattungen?",
        "userDefined": false
      }
    ],
    "isTemplate": false,
    "count": 0,
    "lang": "de",
    "updated": 0
  },
  {
    "id": "72511f97-f7c2-41a8-ab9f-001ba4c9510a",
    "data": [
      {
        "text": "Warum sollte man ",
        "userDefined": false
      },
      {
        "text": "eine",
        "userDefined": false
      },
      {
        "text": " Erdbestattung vermeiden?",
        "userDefined": false
      }
    ],
    "isTemplate": false,
    "count": 0,
    "lang": "de",
    "updated": 0
  },
  {
    "id": "4df3464b-d40f-43b5-9042-70202b348bea",
    "data": [
      {
        "text": "Welche Nachteile haben Erdbestattungen?",
        "userDefined": false
      }
    ],
    "isTemplate": false,
    "count": 0,
    "lang": "de",
    "updated": 0
  },
  {
    "id": "054dad3a-6995-4747-b4d3-6511a451221a",
    "data": [
      {
        "text": "Was spricht gegen ",
        "userDefined": false
      },
      {
        "text": "eine",
        "userDefined": false
      },
      {
        "text": " Erdbestattung?",
        "userDefined": false
      }
    ],
    "isTemplate": false,
    "count": 0,
    "lang": "de",
    "updated": 0
  }
]