[
  {
    "id": "da81a9a7-db71-4aac-bfe4-9a6d44feac52",
    "data": [
      {
        "text": "Mit welcher ",
        "userDefined": false
      },
      {
        "text": "Summe",
        "userDefined": false
      },
      {
        "text": " kann man bei ",
        "userDefined": false
      },
      {
        "text": "einer",
        "userDefined": false
      },
      {
        "text": " Feuerbestattung rechnen?",
        "userDefined": false
      }
    ],
    "isTemplate": false,
    "count": 0,
    "lang": "de",
    "updated": 0
  },
  {
    "id": "d5487f12-13b7-4b2c-8c72-0d4a7456b6a7",
    "data": [
      {
        "text": "Mit welcher ",
        "userDefined": false
      },
      {
        "text": "Summe",
        "userDefined": false
      },
      {
        "text": " muss ich bei ",
        "userDefined": false
      },
      {
        "text": "einer",
        "userDefined": false
      },
      {
        "text": " Feuerbestattung rechnen?",
        "userDefined": false
      }
    ],
    "isTemplate": false,
    "count": 0,
    "lang": "de",
    "updated": 0
  },
  {
    "id": "5b351737-01ce-4fea-be02-a23d1679b2d2",
    "data": [
      {
        "text": "Wie teuer ist ",
        "userDefined": false
      },
      {
        "text": "eine",
        "userDefined": false
      },
      {
        "text": " Feuerbestattung?",
        "userDefined": false
      }
    ],
    "isTemplate": false,
    "count": 0,
    "lang": "de",
    "updated": 0
  },
  {
    "id": "c1f74080-700e-4d26-b8e4-407aa798c48b",
    "data": [
      {
        "text": "Was ist der ",
        "userDefined": false
      },
      {
        "text": "Preis",
        "userDefined": false
      },
      {
        "text": " ",
        "userDefined": false
      },
      {
        "text": "einer",
        "userDefined": false
      },
      {
        "text": " Feuerbestattung?",
        "userDefined": false
      }
    ],
    "isTemplate": false,
    "count": 0,
    "lang": "de",
    "updated": 0
  },
  {
    "id": "37e92d76-aaeb-4231-9e34-3428d166846b",
    "data": [
      {
        "text": "Wie viel kostet ",
        "userDefined": false
      },
      {
        "text": "eine",
        "userDefined": false
      },
      {
        "text": " Feuerbestattung?",
        "userDefined": false
      }
    ],
    "isTemplate": false,
    "count": 0,
    "lang": "de",
    "updated": 0
  },
  {
    "id": "71db90a5-7d6b-42d2-90c9-6b769835a62e",
    "data": [
      {
        "text": "Was sind die ",
        "userDefined": false
      },
      {
        "text": "Kosten",
        "userDefined": false
      },
      {
        "text": " ",
        "userDefined": false
      },
      {
        "text": "einer",
        "userDefined": false
      },
      {
        "text": " Feuerbestattung?",
        "userDefined": false
      }
    ],
    "isTemplate": false,
    "count": 0,
    "lang": "de",
    "updated": 0
  }
]