[
  {
    "id": "950cec6b-a9b3-41a7-9af9-ffbb71749697",
    "data": [
      {
        "text": "Welche Leistungen muss man bei ",
        "userDefined": false
      },
      {
        "text": "einer",
        "userDefined": false
      },
      {
        "text": " Feuerbestattung beanspruchen?",
        "userDefined": false
      }
    ],
    "isTemplate": false,
    "count": 0,
    "lang": "de",
    "updated": 0
  },
  {
    "id": "3cbfa164-93d6-4399-b72e-4943c0ebfade",
    "data": [
      {
        "text": "Kostenfaktoren Feuerbestattung",
        "userDefined": false
      }
    ],
    "isTemplate": false,
    "count": 0,
    "lang": "de",
    "updated": 0
  },
  {
    "id": "1ea8a813-8db5-4564-9768-12dae996dcf0",
    "data": [
      {
        "text": "Was wird bei ",
        "userDefined": false
      },
      {
        "text": "einer",
        "userDefined": false
      },
      {
        "text": " Feuerbestattung bezahlt?",
        "userDefined": false
      }
    ],
    "isTemplate": false,
    "count": 0,
    "lang": "de",
    "updated": 0
  },
  {
    "id": "a4c9ba42-476e-4a0e-bd9e-8a63e163ff8c",
    "data": [
      {
        "text": "Wo kann man bei ",
        "userDefined": false
      },
      {
        "text": "einer",
        "userDefined": false
      },
      {
        "text": " Feuerbestattung sparen?",
        "userDefined": false
      }
    ],
    "isTemplate": false,
    "count": 0,
    "lang": "de",
    "updated": 0
  },
  {
    "id": "c98d9126-a78c-4805-abe6-62ac8944db59",
    "data": [
      {
        "text": "Welche Leistungen erhöhen den ",
        "userDefined": false
      },
      {
        "text": "Preis",
        "userDefined": false
      },
      {
        "text": " ",
        "userDefined": false
      },
      {
        "text": "einer",
        "userDefined": false
      },
      {
        "text": " Feuerbestattung?",
        "userDefined": false
      }
    ],
    "isTemplate": false,
    "count": 0,
    "lang": "de",
    "updated": 0
  },
  {
    "id": "670212a1-5877-46c5-b7d1-cf34bb7a3245",
    "data": [
      {
        "text": "Was ist meistens bei ",
        "userDefined": false
      },
      {
        "text": "einer",
        "userDefined": false
      },
      {
        "text": " Feuerbestattung dabei?",
        "userDefined": false
      }
    ],
    "isTemplate": false,
    "count": 0,
    "lang": "de",
    "updated": 0
  },
  {
    "id": "a9f36473-f1c8-4210-9fd2-b7503a5e0f92",
    "data": [
      {
        "text": "Was trägt zu den ",
        "userDefined": false
      },
      {
        "text": "Kosten",
        "userDefined": false
      },
      {
        "text": " ",
        "userDefined": false
      },
      {
        "text": "einer",
        "userDefined": false
      },
      {
        "text": " Feuerbestattung bei?",
        "userDefined": false
      }
    ],
    "isTemplate": false,
    "count": 0,
    "lang": "de",
    "updated": 0
  },
  {
    "id": "6936427f-8a05-4a5d-863c-60e73e4d9125",
    "data": [
      {
        "text": "Woraus setzen sich die ",
        "userDefined": false
      },
      {
        "text": "Kosten",
        "userDefined": false
      },
      {
        "text": " ",
        "userDefined": false
      },
      {
        "text": "einer",
        "userDefined": false
      },
      {
        "text": " Feuerbestattung zusammen?",
        "userDefined": false
      }
    ],
    "isTemplate": false,
    "count": 0,
    "lang": "de",
    "updated": 0
  },
  {
    "id": "de43e53e-7d9b-45d4-be8d-7fa86b26cad2",
    "data": [
      {
        "text": "Was sind Kostenfaktoren ",
        "userDefined": false
      },
      {
        "text": "einer",
        "userDefined": false
      },
      {
        "text": " Feuerbestattung?",
        "userDefined": false
      }
    ],
    "isTemplate": false,
    "count": 0,
    "lang": "de",
    "updated": 0
  }
]