[
  {
    "id": "efe1205c-512e-48df-b6d2-aeaa8c647ad2",
    "data": [
      {
        "text": "Is there any ",
        "userDefined": false
      },
      {
        "text": "Mexican",
        "meta": "@cuisine",
        "alias": "cuisine",
        "userDefined": false
      },
      {
        "text": " food around me.",
        "userDefined": false
      }
    ],
    "isTemplate": false,
    "count": 0,
    "lang": "en",
    "updated": 0
  },
  {
    "id": "65697040-dc33-4d97-8446-7421205ef9ab",
    "data": [
      {
        "text": "Any ",
        "userDefined": false
      },
      {
        "text": "vegetarian",
        "meta": "@cuisine",
        "alias": "cuisine",
        "userDefined": false
      },
      {
        "text": " food near ",
        "userDefined": false
      },
      {
        "text": "by?",
        "meta": "@location",
        "alias": "location",
        "userDefined": false
      }
    ],
    "isTemplate": false,
    "count": 0,
    "lang": "en",
    "updated": 0
  },
  {
    "id": "ca6ed8c3-3d87-4f40-859c-a6729774c799",
    "data": [
      {
        "text": "I ",
        "userDefined": false
      },
      {
        "text": "would",
        "meta": "@location",
        "alias": "location",
        "userDefined": false
      },
      {
        "text": " like ",
        "userDefined": false
      },
      {
        "text": "vegetarian",
        "meta": "@cuisine",
        "alias": "cuisine",
        "userDefined": false
      },
      {
        "text": " food to eat.",
        "userDefined": false
      }
    ],
    "isTemplate": false,
    "count": 0,
    "lang": "en",
    "updated": 0
  },
  {
    "id": "057f2469-f64f-4459-b0d6-fe8cf6177f38",
    "data": [
      {
        "text": "Is there ",
        "userDefined": false
      },
      {
        "text": "Chinese",
        "meta": "@cuisine",
        "alias": "cuisine",
        "userDefined": false
      },
      {
        "text": " food in my location.",
        "userDefined": false
      }
    ],
    "isTemplate": false,
    "count": 0,
    "lang": "en",
    "updated": 0
  },
  {
    "id": "2aaa0e5d-82d5-4173-aa86-83ded010af98",
    "data": [
      {
        "text": "I ",
        "userDefined": false
      },
      {
        "text": "would",
        "meta": "@location",
        "alias": "location",
        "userDefined": false
      },
      {
        "text": " like some ",
        "userDefined": false
      },
      {
        "text": "Chinese",
        "meta": "@cuisine",
        "alias": "cuisine",
        "userDefined": false
      },
      {
        "text": " food near my location.",
        "userDefined": false
      }
    ],
    "isTemplate": false,
    "count": 0,
    "lang": "en",
    "updated": 0
  },
  {
    "id": "6fb7bb2b-96bd-46d8-a0aa-809964a751be",
    "data": [
      {
        "text": "Is there any restaurant in a nearby subway ",
        "userDefined": false
      },
      {
        "text": "station",
        "meta": "@location",
        "alias": "location",
        "userDefined": false
      },
      {
        "text": ".",
        "userDefined": false
      }
    ],
    "isTemplate": false,
    "count": 0,
    "lang": "en",
    "updated": 0
  },
  {
    "id": "94a5c731-e9e4-448a-a286-9c8efb4ff389",
    "data": [
      {
        "text": "Is there a restaurant in the ",
        "userDefined": false
      },
      {
        "text": "nearest",
        "meta": "@location",
        "alias": "location",
        "userDefined": false
      },
      {
        "text": " railway.",
        "userDefined": false
      }
    ],
    "isTemplate": false,
    "count": 0,
    "lang": "en",
    "updated": 0
  },
  {
    "id": "1a5ac42f-1310-4bb3-88ac-94be7fa2719b",
    "data": [
      {
        "text": "Is there a restaurant ",
        "userDefined": false
      },
      {
        "text": "nearby",
        "meta": "@location",
        "alias": "location",
        "userDefined": false
      },
      {
        "text": ".",
        "userDefined": false
      }
    ],
    "isTemplate": false,
    "count": 0,
    "lang": "en",
    "updated": 0
  },
  {
    "id": "14a6af16-d0a2-4df5-b787-5cf9d1087151",
    "data": [
      {
        "text": "Is there any restaurant ",
        "userDefined": false
      },
      {
        "text": "downtown",
        "meta": "@location",
        "alias": "location",
        "userDefined": false
      },
      {
        "text": ".",
        "userDefined": false
      }
    ],
    "isTemplate": false,
    "count": 0,
    "lang": "en",
    "updated": 0
  },
  {
    "id": "767c5a22-bd3b-4557-a24b-629eee6d8416",
    "data": [
      {
        "text": "I\u0027",
        "userDefined": false
      },
      {
        "text": "m",
        "meta": "@cuisine",
        "alias": "cuisine",
        "userDefined": false
      },
      {
        "text": " hungry is there any restaurant in my location.",
        "userDefined": false
      }
    ],
    "isTemplate": false,
    "count": 0,
    "lang": "en",
    "updated": 0
  },
  {
    "id": "3db2dbd9-ebb2-4e5d-b7fc-afb4688f6109",
    "data": [
      {
        "text": "is there a restaurant near a ",
        "userDefined": false
      },
      {
        "text": "bus station",
        "meta": "@location",
        "alias": "location",
        "userDefined": false
      },
      {
        "text": ".",
        "userDefined": false
      }
    ],
    "isTemplate": false,
    "count": 0,
    "lang": "en",
    "updated": 0
  },
  {
    "id": "d8121517-fa41-47cc-99c9-5b2bba25947c",
    "data": [
      {
        "text": "any ",
        "userDefined": false
      },
      {
        "text": "Indian",
        "meta": "@cuisine",
        "alias": "cuisine",
        "userDefined": false
      },
      {
        "text": " food",
        "userDefined": false
      }
    ],
    "isTemplate": false,
    "count": 0,
    "lang": "en",
    "updated": 0
  },
  {
    "id": "b1dc3799-fe5c-40f9-ba92-dc9e74734f58",
    "data": [
      {
        "text": "I want ",
        "userDefined": false
      },
      {
        "text": "Mexican",
        "meta": "@cuisine",
        "alias": "cuisine",
        "userDefined": false
      },
      {
        "text": " food.",
        "userDefined": false
      }
    ],
    "isTemplate": false,
    "count": 0,
    "lang": "en",
    "updated": 0
  },
  {
    "id": "30e6c22a-7aad-4584-821a-9c6105546fb0",
    "data": [
      {
        "text": "feeling hungry where is the ",
        "userDefined": false
      },
      {
        "text": "nearest",
        "meta": "@location",
        "alias": "location",
        "userDefined": false
      },
      {
        "text": " restaurant",
        "userDefined": false
      }
    ],
    "isTemplate": false,
    "count": 0,
    "lang": "en",
    "updated": 0
  }
]