[
  {
    "id": "ae304145-fbe5-4dcf-b74d-dab0dd8a3734",
    "data": [
      {
        "text": "Tell the ",
        "userDefined": false
      },
      {
        "text": "time in my area",
        "meta": "@Time_Enity",
        "alias": "time_enity",
        "userDefined": false
      },
      {
        "text": ".",
        "userDefined": false
      }
    ],
    "isTemplate": false,
    "count": 0,
    "lang": "en",
    "updated": 0
  },
  {
    "id": "36177599-ddf5-44b2-8f2d-b6231a3dacdd",
    "data": [
      {
        "text": "Tell the ",
        "userDefined": false
      },
      {
        "text": "time in location",
        "meta": "@Time_Enity",
        "alias": "time_enity",
        "userDefined": false
      },
      {
        "text": ".",
        "userDefined": false
      }
    ],
    "isTemplate": false,
    "count": 0,
    "lang": "en",
    "updated": 0
  },
  {
    "id": "a36c3fde-5da5-4e5f-9b05-79a39ef3fb80",
    "data": [
      {
        "text": "Tell my ",
        "userDefined": false
      },
      {
        "text": "time",
        "meta": "@Time_Enity",
        "alias": "time_enity",
        "userDefined": false
      },
      {
        "text": " in my location.",
        "userDefined": false
      }
    ],
    "isTemplate": false,
    "count": 0,
    "lang": "en",
    "updated": 0
  },
  {
    "id": "7f937def-6212-4472-8c49-36b3fc909b44",
    "data": [
      {
        "text": "Tell me the ",
        "userDefined": false
      },
      {
        "text": "time zone",
        "meta": "@Time_Enity",
        "alias": "time_enity",
        "userDefined": false
      },
      {
        "text": " in my ",
        "userDefined": false
      },
      {
        "text": "time",
        "meta": "@Time_Enity",
        "alias": "time_enity",
        "userDefined": false
      },
      {
        "text": " location.",
        "userDefined": false
      }
    ],
    "isTemplate": false,
    "count": 0,
    "lang": "en",
    "updated": 0
  },
  {
    "id": "50b5970a-6b0e-42f0-810a-e905de59bd17",
    "data": [
      {
        "text": "What ",
        "userDefined": false
      },
      {
        "text": "time",
        "meta": "@Time_Enity",
        "alias": "time_enity",
        "userDefined": false
      },
      {
        "text": " is it right now.",
        "userDefined": false
      }
    ],
    "isTemplate": false,
    "count": 0,
    "lang": "en",
    "updated": 0
  }
]