[
  {
    "id": "744c82a6-d0e5-4a70-9187-d0e8174fd33d",
    "data": [
      {
        "text": "Please book a flight to ",
        "userDefined": false
      },
      {
        "text": "ZMA",
        "meta": "@airport",
        "alias": "airport",
        "userDefined": false
      }
    ],
    "isTemplate": false,
    "count": 0,
    "lang": "en",
    "updated": 0
  },
  {
    "id": "224f51a0-58df-46d6-b161-2ae7d8116904",
    "data": [
      {
        "text": "Hey ",
        "userDefined": false
      },
      {
        "text": "Bianca",
        "meta": "@duckduckgo",
        "alias": "duckduckgo",
        "userDefined": false
      },
      {
        "text": " can you book a flight to ",
        "userDefined": false
      },
      {
        "text": "SMF",
        "meta": "@airport",
        "alias": "airport",
        "userDefined": false
      }
    ],
    "isTemplate": false,
    "count": 0,
    "lang": "en",
    "updated": 0
  },
  {
    "id": "07007341-c0d3-4e18-afa1-a02360d13b5c",
    "data": [
      {
        "text": "Book a flight to ",
        "userDefined": false
      },
      {
        "text": "SFB",
        "meta": "@airport",
        "alias": "airport",
        "userDefined": false
      }
    ],
    "isTemplate": false,
    "count": 0,
    "lang": "en",
    "updated": 0
  },
  {
    "id": "b08e5382-2160-4a38-b636-76734a0efe59",
    "data": [
      {
        "text": "Can you find me a flight to ",
        "userDefined": false
      },
      {
        "text": "JFK",
        "meta": "@airport",
        "alias": "airport",
        "userDefined": false
      },
      {
        "text": ".",
        "userDefined": false
      }
    ],
    "isTemplate": false,
    "count": 0,
    "lang": "en",
    "updated": 0
  },
  {
    "id": "4ed3d857-2c65-4ef9-88b1-799f8986eee1",
    "data": [
      {
        "text": "Find me a flight to ",
        "userDefined": false
      },
      {
        "text": "LAX",
        "meta": "@airport",
        "alias": "airport",
        "userDefined": false
      }
    ],
    "isTemplate": false,
    "count": 0,
    "lang": "en",
    "updated": 0
  },
  {
    "id": "5d701be2-e9b6-40fd-b1f2-fd115d551a38",
    "data": [
      {
        "text": "Take me a flight to ",
        "userDefined": false
      },
      {
        "text": "ISM",
        "meta": "@airport",
        "alias": "airport",
        "userDefined": false
      }
    ],
    "isTemplate": false,
    "count": 0,
    "lang": "en",
    "updated": 0
  },
  {
    "id": "a4fb2af7-411a-4e94-a356-badbb5dd1a3c",
    "data": [
      {
        "text": "A flight to ",
        "userDefined": false
      },
      {
        "text": "FLL",
        "meta": "@airport",
        "alias": "airport",
        "userDefined": false
      }
    ],
    "isTemplate": false,
    "count": 0,
    "lang": "en",
    "updated": 0
  }
]